Matricule Bus,Type Bus,Capacité,Nom de la Ligne,Arrêts,Heure Depart,Date Depart
GEN-001,Premium 30,30,Douala - Yaoundé,Douala-Edea-Yaoundé,05:00,2026-10-20
GEN-009,Classique 70,70,Yaoundé - Douala,Yaoundé-Edea-Douala,05:00,2026-10-20
GEN-017,Premium 30,30,Douala - Ouest,Douala-Bafang-Bafoussam,05:00,2026-10-20
GEN-025,VIP 50,50,Ouest - Douala,Bafoussam-Bafang-Douala,05:00,2026-10-20
GEN-002,Classique 70,70,Douala - Yaoundé,Douala-Edea-Yaoundé,05:15,2026-10-20
GEN-010,Premium 30,30,Yaoundé - Douala,Yaoundé-Edea-Douala,05:15,2026-10-20
GEN-003,Classique 70,70,Douala - Yaoundé,Douala-Edea-Yaoundé,05:30,2026-10-20
GEN-011,Premium 30,30,Yaoundé - Douala,Yaoundé-Edea-Douala,05:30,2026-10-20
GEN-018,Classique 70,70,Douala - Ouest,Douala-Bafang-Bafoussam,05:30,2026-10-20
GEN-026,Classique 70,70,Ouest - Douala,Bafoussam-Bafang-Douala,05:30,2026-10-20
GEN-004,Classique 70,70,Douala - Yaoundé,Douala-Edea-Yaoundé,05:45,2026-10-20
GEN-012,Premium 30,30,Yaoundé - Douala,Yaoundé-Edea-Douala,05:45,2026-10-20
GEN-005,VIP 50,50,Douala - Yaoundé,Douala-Edea-Yaoundé,06:00,2026-10-20
GEN-013,Classique 70,70,Yaoundé - Douala,Yaoundé-Edea-Douala,06:00,2026-10-20
GEN-019,Premium 30,30,Douala - Ouest,Douala-Bafang-Bafoussam,06:00,2026-10-20
GEN-027,Classique 70,70,Ouest - Douala,Bafoussam-Bafang-Douala,06:00,2026-10-20
GEN-006,Premium 30,30,Douala - Yaoundé,Douala-Edea-Yaoundé,06:15,2026-10-20
GEN-014,VIP 50,50,Yaoundé - Douala,Yaoundé-Edea-Douala,06:15,2026-10-20
GEN-007,Premium 30,30,Douala - Yaoundé,Douala-Edea-Yaoundé,06:30,2026-10-20
GEN-015,Classique 70,70,Yaoundé - Douala,Yaoundé-Edea-Douala,06:30,2026-10-20
GEN-020,VIP 50,50,Douala - Ouest,Douala-Bafang-Bafoussam,06:30,2026-10-20
GEN-028,Classique 70,70,Ouest - Douala,Bafoussam-Bafang-Douala,06:30,2026-10-20
GEN-008,Premium 30,30,Douala - Yaoundé,Douala-Edea-Yaoundé,06:45,2026-10-20
GEN-016,Classique 70,70,Yaoundé - Douala,Yaoundé-Edea-Douala,06:45,2026-10-20
GEN-021,Premium 30,30,Douala - Ouest,Douala-Bafang-Bafoussam,07:00,2026-10-20
GEN-029,VIP 50,50,Ouest - Douala,Bafoussam-Bafang-Douala,07:00,2026-10-20
GEN-022,VIP 50,50,Douala - Ouest,Douala-Bafang-Bafoussam,07:30,2026-10-20
GEN-030,VIP 50,50,Ouest - Douala,Bafoussam-Bafang-Douala,07:30,2026-10-20
GEN-023,VIP 50,50,Douala - Ouest,Douala-Bafang-Bafoussam,08:00,2026-10-20
GEN-031,Classique 70,70,Ouest - Douala,Bafoussam-Bafang-Douala,08:00,2026-10-20
GEN-024,Premium 30,30,Douala - Ouest,Douala-Bafang-Bafoussam,08:30,2026-10-20
GEN-032,Premium 30,30,Ouest - Douala,Bafoussam-Bafang-Douala,08:30,2026-10-20
GEN-009,Classique 70,70,Douala - Yaoundé,Douala-Edea-Yaoundé,09:30,2026-10-20
GEN-001,Premium 30,30,Yaoundé - Douala,Yaoundé-Edea-Douala,09:30,2026-10-20
GEN-010,Premium 30,30,Douala - Yaoundé,Douala-Edea-Yaoundé,09:45,2026-10-20
GEN-002,Classique 70,70,Yaoundé - Douala,Yaoundé-Edea-Douala,09:45,2026-10-20
GEN-011,Premium 30,30,Douala - Yaoundé,Douala-Edea-Yaoundé,10:00,2026-10-20
GEN-003,Classique 70,70,Yaoundé - Douala,Yaoundé-Edea-Douala,10:00,2026-10-20
GEN-012,Premium 30,30,Douala - Yaoundé,Douala-Edea-Yaoundé,10:15,2026-10-20
GEN-004,Classique 70,70,Yaoundé - Douala,Yaoundé-Edea-Douala,10:15,2026-10-20
GEN-013,Classique 70,70,Douala - Yaoundé,Douala-Edea-Yaoundé,10:30,2026-10-20
GEN-005,VIP 50,50,Yaoundé - Douala,Yaoundé-Edea-Douala,10:30,2026-10-20
GEN-025,VIP 50,50,Douala - Ouest,Douala-Bafang-Bafoussam,10:30,2026-10-20
GEN-017,Premium 30,30,Ouest - Douala,Bafoussam-Bafang-Douala,10:30,2026-10-20
GEN-014,VIP 50,50,Douala - Yaoundé,Douala-Edea-Yaoundé,10:45,2026-10-20
GEN-006,Premium 30,30,Yaoundé - Douala,Yaoundé-Edea-Douala,10:45,2026-10-20
GEN-015,Classique 70,70,Douala - Yaoundé,Douala-Edea-Yaoundé,11:00,2026-10-20
GEN-007,Premium 30,30,Yaoundé - Douala,Yaoundé-Edea-Douala,11:00,2026-10-20
GEN-026,Classique 70,70,Douala - Ouest,Douala-Bafang-Bafoussam,11:00,2026-10-20
GEN-018,Classique 70,70,Ouest - Douala,Bafoussam-Bafang-Douala,11:00,2026-10-20
GEN-016,Classique 70,70,Douala - Yaoundé,Douala-Edea-Yaoundé,11:15,2026-10-20
GEN-008,Premium 30,30,Yaoundé - Douala,Yaoundé-Edea-Douala,11:15,2026-10-20
GEN-027,Classique 70,70,Douala - Ouest,Douala-Bafang-Bafoussam,11:30,2026-10-20
GEN-019,Premium 30,30,Ouest - Douala,Bafoussam-Bafang-Douala,11:30,2026-10-20
GEN-028,Classique 70,70,Douala - Ouest,Douala-Bafang-Bafoussam,12:00,2026-10-20
GEN-020,VIP 50,50,Ouest - Douala,Bafoussam-Bafang-Douala,12:00,2026-10-20
GEN-029,VIP 50,50,Douala - Ouest,Douala-Bafang-Bafoussam,12:30,2026-10-20
GEN-021,Premium 30,30,Ouest - Douala,Bafoussam-Bafang-Douala,12:30,2026-10-20
GEN-030,VIP 50,50,Douala - Ouest,Douala-Bafang-Bafoussam,13:00,2026-10-20
GEN-022,VIP 50,50,Ouest - Douala,Bafoussam-Bafang-Douala,13:00,2026-10-20
GEN-031,Classique 70,70,Douala - Ouest,Douala-Bafang-Bafoussam,13:30,2026-10-20
GEN-023,VIP 50,50,Ouest - Douala,Bafoussam-Bafang-Douala,13:30,2026-10-20
GEN-001,Premium 30,30,Douala - Yaoundé,Douala-Edea-Yaoundé,14:00,2026-10-20
GEN-009,Classique 70,70,Yaoundé - Douala,Yaoundé-Edea-Douala,14:00,2026-10-20
GEN-032,Premium 30,30,Douala - Ouest,Douala-Bafang-Bafoussam,14:00,2026-10-20
GEN-024,Premium 30,30,Ouest - Douala,Bafoussam-Bafang-Douala,14:00,2026-10-20
GEN-002,Classique 70,70,Douala - Yaoundé,Douala-Edea-Yaoundé,14:15,2026-10-20
GEN-010,Premium 30,30,Yaoundé - Douala,Yaoundé-Edea-Douala,14:15,2026-10-20
GEN-003,Classique 70,70,Douala - Yaoundé,Douala-Edea-Yaoundé,14:30,2026-10-20
GEN-011,Premium 30,30,Yaoundé - Douala,Yaoundé-Edea-Douala,14:30,2026-10-20
GEN-004,Classique 70,70,Douala - Yaoundé,Douala-Edea-Yaoundé,14:45,2026-10-20
GEN-012,Premium 30,30,Yaoundé - Douala,Yaoundé-Edea-Douala,14:45,2026-10-20
GEN-005,VIP 50,50,Douala - Yaoundé,Douala-Edea-Yaoundé,15:00,2026-10-20
GEN-013,Classique 70,70,Yaoundé - Douala,Yaoundé-Edea-Douala,15:00,2026-10-20
GEN-006,Premium 30,30,Douala - Yaoundé,Douala-Edea-Yaoundé,15:15,2026-10-20
GEN-014,VIP 50,50,Yaoundé - Douala,Yaoundé-Edea-Douala,15:15,2026-10-20
GEN-007,Premium 30,30,Douala - Yaoundé,Douala-Edea-Yaoundé,15:30,2026-10-20
GEN-015,Classique 70,70,Yaoundé - Douala,Yaoundé-Edea-Douala,15:30,2026-10-20
GEN-008,Premium 30,30,Douala - Yaoundé,Douala-Edea-Yaoundé,15:45,2026-10-20
GEN-016,Classique 70,70,Yaoundé - Douala,Yaoundé-Edea-Douala,15:45,2026-10-20
GEN-017,Premium 30,30,Douala - Ouest,Douala-Bafang-Bafoussam,16:00,2026-10-20
GEN-025,VIP 50,50,Ouest - Douala,Bafoussam-Bafang-Douala,16:00,2026-10-20
GEN-018,Classique 70,70,Douala - Ouest,Douala-Bafang-Bafoussam,16:30,2026-10-20
GEN-026,Classique 70,70,Ouest - Douala,Bafoussam-Bafang-Douala,16:30,2026-10-20
GEN-019,Premium 30,30,Douala - Ouest,Douala-Bafang-Bafoussam,17:00,2026-10-20
GEN-027,Classique 70,70,Ouest - Douala,Bafoussam-Bafang-Douala,17:00,2026-10-20
GEN-020,VIP 50,50,Douala - Ouest,Douala-Bafang-Bafoussam,17:30,2026-10-20
GEN-028,Classique 70,70,Ouest - Douala,Bafoussam-Bafang-Douala,17:30,2026-10-20
GEN-021,Premium 30,30,Douala - Ouest,Douala-Bafang-Bafoussam,18:00,2026-10-20
GEN-029,VIP 50,50,Ouest - Douala,Bafoussam-Bafang-Douala,18:00,2026-10-20
GEN-009,Classique 70,70,Douala - Yaoundé,Douala-Edea-Yaoundé,18:30,2026-10-20
GEN-001,Premium 30,30,Yaoundé - Douala,Yaoundé-Edea-Douala,18:30,2026-10-20
GEN-022,VIP 50,50,Douala - Ouest,Douala-Bafang-Bafoussam,18:30,2026-10-20
GEN-030,VIP 50,50,Ouest - Douala,Bafoussam-Bafang-Douala,18:30,2026-10-20
GEN-010,Premium 30,30,Douala - Yaoundé,Douala-Edea-Yaoundé,18:45,2026-10-20
GEN-002,Classique 70,70,Yaoundé - Douala,Yaoundé-Edea-Douala,18:45,2026-10-20
GEN-011,Premium 30,30,Douala - Yaoundé,Douala-Edea-Yaoundé,19:00,2026-10-20
GEN-003,Classique 70,70,Yaoundé - Douala,Yaoundé-Edea-Douala,19:00,2026-10-20
GEN-023,VIP 50,50,Douala - Ouest,Douala-Bafang-Bafoussam,19:00,2026-10-20
GEN-031,Classique 70,70,Ouest - Douala,Bafoussam-Bafang-Douala,19:00,2026-10-20
GEN-012,Premium 30,30,Douala - Yaoundé,Douala-Edea-Yaoundé,19:15,2026-10-20
GEN-004,Classique 70,70,Yaoundé - Douala,Yaoundé-Edea-Douala,19:15,2026-10-20
GEN-013,Classique 70,70,Douala - Yaoundé,Douala-Edea-Yaoundé,19:30,2026-10-20
GEN-005,VIP 50,50,Yaoundé - Douala,Yaoundé-Edea-Douala,19:30,2026-10-20
GEN-024,Premium 30,30,Douala - Ouest,Douala-Bafang-Bafoussam,19:30,2026-10-20
GEN-032,Premium 30,30,Ouest - Douala,Bafoussam-Bafang-Douala,19:30,2026-10-20
GEN-014,VIP 50,50,Douala - Yaoundé,Douala-Edea-Yaoundé,19:45,2026-10-20
GEN-006,Premium 30,30,Yaoundé - Douala,Yaoundé-Edea-Douala,19:45,2026-10-20
GEN-015,Classique 70,70,Douala - Yaoundé,Douala-Edea-Yaoundé,20:00,2026-10-20
GEN-007,Premium 30,30,Yaoundé - Douala,Yaoundé-Edea-Douala,20:00,2026-10-20
GEN-016,Classique 70,70,Douala - Yaoundé,Douala-Edea-Yaoundé,20:15,2026-10-20
GEN-008,Premium 30,30,Yaoundé - Douala,Yaoundé-Edea-Douala,20:15,2026-10-20
GEN-001,Premium 30,30,Douala - Yaoundé,Douala-Edea-Yaoundé,05:00,2026-10-21
GEN-009,Classique 70,70,Yaoundé - Douala,Yaoundé-Edea-Douala,05:00,2026-10-21
GEN-025,VIP 50,50,Douala - Ouest,Douala-Bafang-Bafoussam,05:00,2026-10-21
GEN-017,Premium 30,30,Ouest - Douala,Bafoussam-Bafang-Douala,05:00,2026-10-21
GEN-002,Classique 70,70,Douala - Yaoundé,Douala-Edea-Yaoundé,05:15,2026-10-21
GEN-010,Premium 30,30,Yaoundé - Douala,Yaoundé-Edea-Douala,05:15,2026-10-21
GEN-003,Classique 70,70,Douala - Yaoundé,Douala-Edea-Yaoundé,05:30,2026-10-21
GEN-011,Premium 30,30,Yaoundé - Douala,Yaoundé-Edea-Douala,05:30,2026-10-21
GEN-026,Classique 70,70,Douala - Ouest,Douala-Bafang-Bafoussam,05:30,2026-10-21
GEN-018,Classique 70,70,Ouest - Douala,Bafoussam-Bafang-Douala,05:30,2026-10-21
GEN-004,Classique 70,70,Douala - Yaoundé,Douala-Edea-Yaoundé,05:45,2026-10-21
GEN-012,Premium 30,30,Yaoundé - Douala,Yaoundé-Edea-Douala,05:45,2026-10-21
GEN-005,VIP 50,50,Douala - Yaoundé,Douala-Edea-Yaoundé,06:00,2026-10-21
GEN-013,Classique 70,70,Yaoundé - Douala,Yaoundé-Edea-Douala,06:00,2026-10-21
GEN-027,Classique 70,70,Douala - Ouest,Douala-Bafang-Bafoussam,06:00,2026-10-21
GEN-019,Premium 30,30,Ouest - Douala,Bafoussam-Bafang-Douala,06:00,2026-10-21
GEN-006,Premium 30,30,Douala - Yaoundé,Douala-Edea-Yaoundé,06:15,2026-10-21
GEN-014,VIP 50,50,Yaoundé - Douala,Yaoundé-Edea-Douala,06:15,2026-10-21
GEN-007,Premium 30,30,Douala - Yaoundé,Douala-Edea-Yaoundé,06:30,2026-10-21
GEN-015,Classique 70,70,Yaoundé - Douala,Yaoundé-Edea-Douala,06:30,2026-10-21
GEN-028,Classique 70,70,Douala - Ouest,Douala-Bafang-Bafoussam,06:30,2026-10-21
GEN-020,VIP 50,50,Ouest - Douala,Bafoussam-Bafang-Douala,06:30,2026-10-21
GEN-008,Premium 30,30,Douala - Yaoundé,Douala-Edea-Yaoundé,06:45,2026-10-21
GEN-016,Classique 70,70,Yaoundé - Douala,Yaoundé-Edea-Douala,06:45,2026-10-21
GEN-029,VIP 50,50,Douala - Ouest,Douala-Bafang-Bafoussam,07:00,2026-10-21
GEN-021,Premium 30,30,Ouest - Douala,Bafoussam-Bafang-Douala,07:00,2026-10-21
GEN-030,VIP 50,50,Douala - Ouest,Douala-Bafang-Bafoussam,07:30,2026-10-21
GEN-022,VIP 50,50,Ouest - Douala,Bafoussam-Bafang-Douala,07:30,2026-10-21
GEN-031,Classique 70,70,Douala - Ouest,Douala-Bafang-Bafoussam,08:00,2026-10-21
GEN-023,VIP 50,50,Ouest - Douala,Bafoussam-Bafang-Douala,08:00,2026-10-21
GEN-032,Premium 30,30,Douala - Ouest,Douala-Bafang-Bafoussam,08:30,2026-10-21
GEN-024,Premium 30,30,Ouest - Douala,Bafoussam-Bafang-Douala,08:30,2026-10-21
GEN-009,Classique 70,70,Douala - Yaoundé,Douala-Edea-Yaoundé,09:30,2026-10-21
GEN-001,Premium 30,30,Yaoundé - Douala,Yaoundé-Edea-Douala,09:30,2026-10-21
GEN-010,Premium 30,30,Douala - Yaoundé,Douala-Edea-Yaoundé,09:45,2026-10-21
GEN-002,Classique 70,70,Yaoundé - Douala,Yaoundé-Edea-Douala,09:45,2026-10-21
GEN-011,Premium 30,30,Douala - Yaoundé,Douala-Edea-Yaoundé,10:00,2026-10-21
GEN-003,Classique 70,70,Yaoundé - Douala,Yaoundé-Edea-Douala,10:00,2026-10-21
GEN-012,Premium 30,30,Douala - Yaoundé,Douala-Edea-Yaoundé,10:15,2026-10-21
GEN-004,Classique 70,70,Yaoundé - Douala,Yaoundé-Edea-Douala,10:15,2026-10-21
GEN-013,Classique 70,70,Douala - Yaoundé,Douala-Edea-Yaoundé,10:30,2026-10-21
GEN-005,VIP 50,50,Yaoundé - Douala,Yaoundé-Edea-Douala,10:30,2026-10-21
GEN-017,Premium 30,30,Douala - Ouest,Douala-Bafang-Bafoussam,10:30,2026-10-21
GEN-025,VIP 50,50,Ouest - Douala,Bafoussam-Bafang-Douala,10:30,2026-10-21
GEN-014,VIP 50,50,Douala - Yaoundé,Douala-Edea-Yaoundé,10:45,2026-10-21
GEN-006,Premium 30,30,Yaoundé - Douala,Yaoundé-Edea-Douala,10:45,2026-10-21
GEN-015,Classique 70,70,Douala - Yaoundé,Douala-Edea-Yaoundé,11:00,2026-10-21
GEN-007,Premium 30,30,Yaoundé - Douala,Yaoundé-Edea-Douala,11:00,2026-10-21
GEN-018,Classique 70,70,Douala - Ouest,Douala-Bafang-Bafoussam,11:00,2026-10-21
GEN-026,Classique 70,70,Ouest - Douala,Bafoussam-Bafang-Douala,11:00,2026-10-21
GEN-016,Classique 70,70,Douala - Yaoundé,Douala-Edea-Yaoundé,11:15,2026-10-21
GEN-008,Premium 30,30,Yaoundé - Douala,Yaoundé-Edea-Douala,11:15,2026-10-21
GEN-019,Premium 30,30,Douala - Ouest,Douala-Bafang-Bafoussam,11:30,2026-10-21
GEN-027,Classique 70,70,Ouest - Douala,Bafoussam-Bafang-Douala,11:30,2026-10-21
GEN-020,VIP 50,50,Douala - Ouest,Douala-Bafang-Bafoussam,12:00,2026-10-21
GEN-028,Classique 70,70,Ouest - Douala,Bafoussam-Bafang-Douala,12:00,2026-10-21
GEN-021,Premium 30,30,Douala - Ouest,Douala-Bafang-Bafoussam,12:30,2026-10-21
GEN-029,VIP 50,50,Ouest - Douala,Bafoussam-Bafang-Douala,12:30,2026-10-21
GEN-022,VIP 50,50,Douala - Ouest,Douala-Bafang-Bafoussam,13:00,2026-10-21
GEN-030,VIP 50,50,Ouest - Douala,Bafoussam-Bafang-Douala,13:00,2026-10-21
GEN-023,VIP 50,50,Douala - Ouest,Douala-Bafang-Bafoussam,13:30,2026-10-21
GEN-031,Classique 70,70,Ouest - Douala,Bafoussam-Bafang-Douala,13:30,2026-10-21
GEN-001,Premium 30,30,Douala - Yaoundé,Douala-Edea-Yaoundé,14:00,2026-10-21
GEN-009,Classique 70,70,Yaoundé - Douala,Yaoundé-Edea-Douala,14:00,2026-10-21
GEN-024,Premium 30,30,Douala - Ouest,Douala-Bafang-Bafoussam,14:00,2026-10-21
GEN-032,Premium 30,30,Ouest - Douala,Bafoussam-Bafang-Douala,14:00,2026-10-21
GEN-002,Classique 70,70,Douala - Yaoundé,Douala-Edea-Yaoundé,14:15,2026-10-21
GEN-010,Premium 30,30,Yaoundé - Douala,Yaoundé-Edea-Douala,14:15,2026-10-21
GEN-003,Classique 70,70,Douala - Yaoundé,Douala-Edea-Yaoundé,14:30,2026-10-21
GEN-011,Premium 30,30,Yaoundé - Douala,Yaoundé-Edea-Douala,14:30,2026-10-21
GEN-004,Classique 70,70,Douala - Yaoundé,Douala-Edea-Yaoundé,14:45,2026-10-21
GEN-012,Premium 30,30,Yaoundé - Douala,Yaoundé-Edea-Douala,14:45,2026-10-21
GEN-005,VIP 50,50,Douala - Yaoundé,Douala-Edea-Yaoundé,15:00,2026-10-21
GEN-013,Classique 70,70,Yaoundé - Douala,Yaoundé-Edea-Douala,15:00,2026-10-21
GEN-006,Premium 30,30,Douala - Yaoundé,Douala-Edea-Yaoundé,15:15,2026-10-21
GEN-014,VIP 50,50,Yaoundé - Douala,Yaoundé-Edea-Douala,15:15,2026-10-21
GEN-007,Premium 30,30,Douala - Yaoundé,Douala-Edea-Yaoundé,15:30,2026-10-21
GEN-015,Classique 70,70,Yaoundé - Douala,Yaoundé-Edea-Douala,15:30,2026-10-21
GEN-008,Premium 30,30,Douala - Yaoundé,Douala-Edea-Yaoundé,15:45,2026-10-21
GEN-016,Classique 70,70,Yaoundé - Douala,Yaoundé-Edea-Douala,15:45,2026-10-21
GEN-025,VIP 50,50,Douala - Ouest,Douala-Bafang-Bafoussam,16:00,2026-10-21
GEN-017,Premium 30,30,Ouest - Douala,Bafoussam-Bafang-Douala,16:00,2026-10-21
GEN-026,Classique 70,70,Douala - Ouest,Douala-Bafang-Bafoussam,16:30,2026-10-21
GEN-018,Classique 70,70,Ouest - Douala,Bafoussam-Bafang-Douala,16:30,2026-10-21
GEN-027,Classique 70,70,Douala - Ouest,Douala-Bafang-Bafoussam,17:00,2026-10-21
GEN-019,Premium 30,30,Ouest - Douala,Bafoussam-Bafang-Douala,17:00,2026-10-21
GEN-028,Classique 70,70,Douala - Ouest,Douala-Bafang-Bafoussam,17:30,2026-10-21
GEN-020,VIP 50,50,Ouest - Douala,Bafoussam-Bafang-Douala,17:30,2026-10-21
GEN-029,VIP 50,50,Douala - Ouest,Douala-Bafang-Bafoussam,18:00,2026-10-21
GEN-021,Premium 30,30,Ouest - Douala,Bafoussam-Bafang-Douala,18:00,2026-10-21
GEN-009,Classique 70,70,Douala - Yaoundé,Douala-Edea-Yaoundé,18:30,2026-10-21
GEN-001,Premium 30,30,Yaoundé - Douala,Yaoundé-Edea-Douala,18:30,2026-10-21
GEN-030,VIP 50,50,Douala - Ouest,Douala-Bafang-Bafoussam,18:30,2026-10-21
GEN-022,VIP 50,50,Ouest - Douala,Bafoussam-Bafang-Douala,18:30,2026-10-21
GEN-010,Premium 30,30,Douala - Yaoundé,Douala-Edea-Yaoundé,18:45,2026-10-21
GEN-002,Classique 70,70,Yaoundé - Douala,Yaoundé-Edea-Douala,18:45,2026-10-21
GEN-011,Premium 30,30,Douala - Yaoundé,Douala-Edea-Yaoundé,19:00,2026-10-21
GEN-003,Classique 70,70,Yaoundé - Douala,Yaoundé-Edea-Douala,19:00,2026-10-21
GEN-031,Classique 70,70,Douala - Ouest,Douala-Bafang-Bafoussam,19:00,2026-10-21
GEN-023,VIP 50,50,Ouest - Douala,Bafoussam-Bafang-Douala,19:00,2026-10-21
GEN-012,Premium 30,30,Douala - Yaoundé,Douala-Edea-Yaoundé,19:15,2026-10-21
GEN-004,Classique 70,70,Yaoundé - Douala,Yaoundé-Edea-Douala,19:15,2026-10-21
GEN-013,Classique 70,70,Douala - Yaoundé,Douala-Edea-Yaoundé,19:30,2026-10-21
GEN-005,VIP 50,50,Yaoundé - Douala,Yaoundé-Edea-Douala,19:30,2026-10-21
GEN-032,Premium 30,30,Douala - Ouest,Douala-Bafang-Bafoussam,19:30,2026-10-21
GEN-024,Premium 30,30,Ouest - Douala,Bafoussam-Bafang-Douala,19:30,2026-10-21
GEN-014,VIP 50,50,Douala - Yaoundé,Douala-Edea-Yaoundé,19:45,2026-10-21
GEN-006,Premium 30,30,Yaoundé - Douala,Yaoundé-Edea-Douala,19:45,2026-10-21
GEN-015,Classique 70,70,Douala - Yaoundé,Douala-Edea-Yaoundé,20:00,2026-10-21
GEN-007,Premium 30,30,Yaoundé - Douala,Yaoundé-Edea-Douala,20:00,2026-10-21
GEN-016,Classique 70,70,Douala - Yaoundé,Douala-Edea-Yaoundé,20:15,2026-10-21
GEN-008,Premium 30,30,Yaoundé - Douala,Yaoundé-Edea-Douala,20:15,2026-10-21
GEN-001,Premium 30,30,Douala - Yaoundé,Douala-Edea-Yaoundé,05:00,2026-10-22
GEN-009,Classique 70,70,Yaoundé - Douala,Yaoundé-Edea-Douala,05:00,2026-10-22
GEN-017,Premium 30,30,Douala - Ouest,Douala-Bafang-Bafoussam,05:00,2026-10-22
GEN-025,VIP 50,50,Ouest - Douala,Bafoussam-Bafang-Douala,05:00,2026-10-22
GEN-002,Classique 70,70,Douala - Yaoundé,Douala-Edea-Yaoundé,05:15,2026-10-22
GEN-010,Premium 30,30,Yaoundé - Douala,Yaoundé-Edea-Douala,05:15,2026-10-22
GEN-003,Classique 70,70,Douala - Yaoundé,Douala-Edea-Yaoundé,05:30,2026-10-22
GEN-011,Premium 30,30,Yaoundé - Douala,Yaoundé-Edea-Douala,05:30,2026-10-22
GEN-018,Classique 70,70,Douala - Ouest,Douala-Bafang-Bafoussam,05:30,2026-10-22
GEN-026,Classique 70,70,Ouest - Douala,Bafoussam-Bafang-Douala,05:30,2026-10-22
GEN-004,Classique 70,70,Douala - Yaoundé,Douala-Edea-Yaoundé,05:45,2026-10-22
GEN-012,Premium 30,30,Yaoundé - Douala,Yaoundé-Edea-Douala,05:45,2026-10-22
GEN-005,VIP 50,50,Douala - Yaoundé,Douala-Edea-Yaoundé,06:00,2026-10-22
GEN-013,Classique 70,70,Yaoundé - Douala,Yaoundé-Edea-Douala,06:00,2026-10-22
GEN-019,Premium 30,30,Douala - Ouest,Douala-Bafang-Bafoussam,06:00,2026-10-22
GEN-027,Classique 70,70,Ouest - Douala,Bafoussam-Bafang-Douala,06:00,2026-10-22
GEN-006,Premium 30,30,Douala - Yaoundé,Douala-Edea-Yaoundé,06:15,2026-10-22
GEN-014,VIP 50,50,Yaoundé - Douala,Yaoundé-Edea-Douala,06:15,2026-10-22
GEN-007,Premium 30,30,Douala - Yaoundé,Douala-Edea-Yaoundé,06:30,2026-10-22
GEN-015,Classique 70,70,Yaoundé - Douala,Yaoundé-Edea-Douala,06:30,2026-10-22
GEN-020,VIP 50,50,Douala - Ouest,Douala-Bafang-Bafoussam,06:30,2026-10-22
GEN-028,Classique 70,70,Ouest - Douala,Bafoussam-Bafang-Douala,06:30,2026-10-22
GEN-008,Premium 30,30,Douala - Yaoundé,Douala-Edea-Yaoundé,06:45,2026-10-22
GEN-016,Classique 70,70,Yaoundé - Douala,Yaoundé-Edea-Douala,06:45,2026-10-22
GEN-021,Premium 30,30,Douala - Ouest,Douala-Bafang-Bafoussam,07:00,2026-10-22
GEN-029,VIP 50,50,Ouest - Douala,Bafoussam-Bafang-Douala,07:00,2026-10-22
GEN-022,VIP 50,50,Douala - Ouest,Douala-Bafang-Bafoussam,07:30,2026-10-22
GEN-030,VIP 50,50,Ouest - Douala,Bafoussam-Bafang-Douala,07:30,2026-10-22
GEN-023,VIP 50,50,Douala - Ouest,Douala-Bafang-Bafoussam,08:00,2026-10-22
GEN-031,Classique 70,70,Ouest - Douala,Bafoussam-Bafang-Douala,08:00,2026-10-22
GEN-024,Premium 30,30,Douala - Ouest,Douala-Bafang-Bafoussam,08:30,2026-10-22
GEN-032,Premium 30,30,Ouest - Douala,Bafoussam-Bafang-Douala,08:30,2026-10-22
GEN-009,Classique 70,70,Douala - Yaoundé,Douala-Edea-Yaoundé,09:30,2026-10-22
GEN-001,Premium 30,30,Yaoundé - Douala,Yaoundé-Edea-Douala,09:30,2026-10-22
GEN-010,Premium 30,30,Douala - Yaoundé,Douala-Edea-Yaoundé,09:45,2026-10-22
GEN-002,Classique 70,70,Yaoundé - Douala,Yaoundé-Edea-Douala,09:45,2026-10-22
GEN-011,Premium 30,30,Douala - Yaoundé,Douala-Edea-Yaoundé,10:00,2026-10-22
GEN-003,Classique 70,70,Yaoundé - Douala,Yaoundé-Edea-Douala,10:00,2026-10-22
GEN-012,Premium 30,30,Douala - Yaoundé,Douala-Edea-Yaoundé,10:15,2026-10-22
GEN-004,Classique 70,70,Yaoundé - Douala,Yaoundé-Edea-Douala,10:15,2026-10-22
GEN-013,Classique 70,70,Douala - Yaoundé,Douala-Edea-Yaoundé,10:30,2026-10-22
GEN-005,VIP 50,50,Yaoundé - Douala,Yaoundé-Edea-Douala,10:30,2026-10-22
GEN-025,VIP 50,50,Douala - Ouest,Douala-Bafang-Bafoussam,10:30,2026-10-22
GEN-017,Premium 30,30,Ouest - Douala,Bafoussam-Bafang-Douala,10:30,2026-10-22
GEN-014,VIP 50,50,Douala - Yaoundé,Douala-Edea-Yaoundé,10:45,2026-10-22
GEN-006,Premium 30,30,Yaoundé - Douala,Yaoundé-Edea-Douala,10:45,2026-10-22
GEN-015,Classique 70,70,Douala - Yaoundé,Douala-Edea-Yaoundé,11:00,2026-10-22
GEN-007,Premium 30,30,Yaoundé - Douala,Yaoundé-Edea-Douala,11:00,2026-10-22
GEN-026,Classique 70,70,Douala - Ouest,Douala-Bafang-Bafoussam,11:00,2026-10-22
GEN-018,Classique 70,70,Ouest - Douala,Bafoussam-Bafang-Douala,11:00,2026-10-22
GEN-016,Classique 70,70,Douala - Yaoundé,Douala-Edea-Yaoundé,11:15,2026-10-22
GEN-008,Premium 30,30,Yaoundé - Douala,Yaoundé-Edea-Douala,11:15,2026-10-22
GEN-027,Classique 70,70,Douala - Ouest,Douala-Bafang-Bafoussam,11:30,2026-10-22
GEN-019,Premium 30,30,Ouest - Douala,Bafoussam-Bafang-Douala,11:30,2026-10-22
GEN-028,Classique 70,70,Douala - Ouest,Douala-Bafang-Bafoussam,12:00,2026-10-22
GEN-020,VIP 50,50,Ouest - Douala,Bafoussam-Bafang-Douala,12:00,2026-10-22
GEN-029,VIP 50,50,Douala - Ouest,Douala-Bafang-Bafoussam,12:30,2026-10-22
GEN-021,Premium 30,30,Ouest - Douala,Bafoussam-Bafang-Douala,12:30,2026-10-22
GEN-030,VIP 50,50,Douala - Ouest,Douala-Bafang-Bafoussam,13:00,2026-10-22
GEN-022,VIP 50,50,Ouest - Douala,Bafoussam-Bafang-Douala,13:00,2026-10-22
GEN-031,Classique 70,70,Douala - Ouest,Douala-Bafang-Bafoussam,13:30,2026-10-22
GEN-023,VIP 50,50,Ouest - Douala,Bafoussam-Bafang-Douala,13:30,2026-10-22
GEN-001,Premium 30,30,Douala - Yaoundé,Douala-Edea-Yaoundé,14:00,2026-10-22
GEN-009,Classique 70,70,Yaoundé - Douala,Yaoundé-Edea-Douala,14:00,2026-10-22
GEN-032,Premium 30,30,Douala - Ouest,Douala-Bafang-Bafoussam,14:00,2026-10-22
GEN-024,Premium 30,30,Ouest - Douala,Bafoussam-Bafang-Douala,14:00,2026-10-22
GEN-002,Classique 70,70,Douala - Yaoundé,Douala-Edea-Yaoundé,14:15,2026-10-22
GEN-010,Premium 30,30,Yaoundé - Douala,Yaoundé-Edea-Douala,14:15,2026-10-22
GEN-003,Classique 70,70,Douala - Yaoundé,Douala-Edea-Yaoundé,14:30,2026-10-22
GEN-011,Premium 30,30,Yaoundé - Douala,Yaoundé-Edea-Douala,14:30,2026-10-22
GEN-004,Classique 70,70,Douala - Yaoundé,Douala-Edea-Yaoundé,14:45,2026-10-22
GEN-012,Premium 30,30,Yaoundé - Douala,Yaoundé-Edea-Douala,14:45,2026-10-22
GEN-005,VIP 50,50,Douala - Yaoundé,Douala-Edea-Yaoundé,15:00,2026-10-22
GEN-013,Classique 70,70,Yaoundé - Douala,Yaoundé-Edea-Douala,15:00,2026-10-22
GEN-006,Premium 30,30,Douala - Yaoundé,Douala-Edea-Yaoundé,15:15,2026-10-22
GEN-014,VIP 50,50,Yaoundé - Douala,Yaoundé-Edea-Douala,15:15,2026-10-22
GEN-007,Premium 30,30,Douala - Yaoundé,Douala-Edea-Yaoundé,15:30,2026-10-22
GEN-015,Classique 70,70,Yaoundé - Douala,Yaoundé-Edea-Douala,15:30,2026-10-22
GEN-008,Premium 30,30,Douala - Yaoundé,Douala-Edea-Yaoundé,15:45,2026-10-22
GEN-016,Classique 70,70,Yaoundé - Douala,Yaoundé-Edea-Douala,15:45,2026-10-22
GEN-017,Premium 30,30,Douala - Ouest,Douala-Bafang-Bafoussam,16:00,2026-10-22
GEN-025,VIP 50,50,Ouest - Douala,Bafoussam-Bafang-Douala,16:00,2026-10-22
GEN-018,Classique 70,70,Douala - Ouest,Douala-Bafang-Bafoussam,16:30,2026-10-22
GEN-026,Classique 70,70,Ouest - Douala,Bafoussam-Bafang-Douala,16:30,2026-10-22
GEN-019,Premium 30,30,Douala - Ouest,Douala-Bafang-Bafoussam,17:00,2026-10-22
GEN-027,Classique 70,70,Ouest - Douala,Bafoussam-Bafang-Douala,17:00,2026-10-22
GEN-020,VIP 50,50,Douala - Ouest,Douala-Bafang-Bafoussam,17:30,2026-10-22
GEN-028,Classique 70,70,Ouest - Douala,Bafoussam-Bafang-Douala,17:30,2026-10-22
GEN-021,Premium 30,30,Douala - Ouest,Douala-Bafang-Bafoussam,18:00,2026-10-22
GEN-029,VIP 50,50,Ouest - Douala,Bafoussam-Bafang-Douala,18:00,2026-10-22
GEN-009,Classique 70,70,Douala - Yaoundé,Douala-Edea-Yaoundé,18:30,2026-10-22
GEN-001,Premium 30,30,Yaoundé - Douala,Yaoundé-Edea-Douala,18:30,2026-10-22
GEN-022,VIP 50,50,Douala - Ouest,Douala-Bafang-Bafoussam,18:30,2026-10-22
GEN-030,VIP 50,50,Ouest - Douala,Bafoussam-Bafang-Douala,18:30,2026-10-22
GEN-010,Premium 30,30,Douala - Yaoundé,Douala-Edea-Yaoundé,18:45,2026-10-22
GEN-002,Classique 70,70,Yaoundé - Douala,Yaoundé-Edea-Douala,18:45,2026-10-22
GEN-011,Premium 30,30,Douala - Yaoundé,Douala-Edea-Yaoundé,19:00,2026-10-22
GEN-003,Classique 70,70,Yaoundé - Douala,Yaoundé-Edea-Douala,19:00,2026-10-22
GEN-023,VIP 50,50,Douala - Ouest,Douala-Bafang-Bafoussam,19:00,2026-10-22
GEN-031,Classique 70,70,Ouest - Douala,Bafoussam-Bafang-Douala,19:00,2026-10-22
GEN-012,Premium 30,30,Douala - Yaoundé,Douala-Edea-Yaoundé,19:15,2026-10-22
GEN-004,Classique 70,70,Yaoundé - Douala,Yaoundé-Edea-Douala,19:15,2026-10-22
GEN-013,Classique 70,70,Douala - Yaoundé,Douala-Edea-Yaoundé,19:30,2026-10-22
GEN-005,VIP 50,50,Yaoundé - Douala,Yaoundé-Edea-Douala,19:30,2026-10-22
GEN-024,Premium 30,30,Douala - Ouest,Douala-Bafang-Bafoussam,19:30,2026-10-22
GEN-032,Premium 30,30,Ouest - Douala,Bafoussam-Bafang-Douala,19:30,2026-10-22
GEN-014,VIP 50,50,Douala - Yaoundé,Douala-Edea-Yaoundé,19:45,2026-10-22
GEN-006,Premium 30,30,Yaoundé - Douala,Yaoundé-Edea-Douala,19:45,2026-10-22
GEN-015,Classique 70,70,Douala - Yaoundé,Douala-Edea-Yaoundé,20:00,2026-10-22
GEN-007,Premium 30,30,Yaoundé - Douala,Yaoundé-Edea-Douala,20:00,2026-10-22
GEN-016,Classique 70,70,Douala - Yaoundé,Douala-Edea-Yaoundé,20:15,2026-10-22
GEN-008,Premium 30,30,Yaoundé - Douala,Yaoundé-Edea-Douala,20:15,2026-10-22
